{"cameraMode":{"drawMode":0,"name":"Shaded","section":"Shading Mode"},"sceneLighting":true,"audioPlay":false,"sceneViewState":{"m_AlwaysRefresh":false,"showFog":true,"showSkybox":true,"showFlares":true,"showImageEffects":true,"showParticleSystems":true,"showVisualEffectGraphs":true,"m_FxEnabled":true},"in2DMode":false,"pivot":{"x":-44.391387939453128,"y":-0.08479762077331543,"z":11.835319519042969},"rotation":{"x":-0.014305151998996735,"y":0.6240909099578857,"z":-0.01142690796405077,"w":-0.7811432480812073},"size":24.354106903076173,"orthographic":false}